{"cameraMode":{"drawMode":2,"name":"Shaded Wireframe","section":"Shading Mode"},"sceneLighting":true,"audioPlay":false,"sceneViewState":{"showFog":true,"showMaterialUpdate":true,"showSkybox":true,"showFlares":true,"showImageEffects":true,"showParticleSystems":true},"in2DMode":false,"pivot":{"x":10.879509925842286,"y":-6.779125213623047,"z":-14.53294563293457},"rotation":{"x":0.3105487525463104,"y":0.41695988178253176,"z":-0.15412703156471253,"w":0.8403163552284241},"size":27.423015594482423,"orthographic":false}